network,total,crypto,percentage
Polygon V2 (old),13715,5130,37.40430185927816
Polygon V2 (new),11,6,54.54545454545454
Base V2,56,0,0.0
Blast V2,22,0,0.0
